{"RL-001.jpg": [[315.0, 153.0, 325.0, 169.0], [515.0, 180.0, 525.0, 196.0]], "RL-002.jpg": [], "RL-003.jpg": [[334.0, 202.0, 344.0, 218.0], [414.0, 267.5, 424.0, 283.5]], "RL-004.jpg": [], "RL-005.jpg": [], "RL-006.jpg": [], "RL-007.jpg": [], "RL-008.jpg": [], "RL-009.jpg": [], "RL-010.jpg": [], "RL-011.jpg": [], "RL-012.jpg": [], "RL-013.jpg": [], "RL-014.jpg": [[107.0, 155.0, 117.0, 171.0], [323.0, 155.0, 333.0, 171.0]], "RL-015.jpg": [[323.0, 146.0, 333.0, 162.0]], "RL-016.jpg": [[354.0, 104.5, 362.0, 124.5]], "RL-017.jpg": [], "RL-018.jpg": [], "RL-019.jpg": [], "RL-020.jpg": [[320.0, 232.0, 328.0, 252.0]], "RL-021.jpg": [[52.0, 187.0, 60.0, 207.0], [280.0, 146.0, 288.0, 166.0]], "RL-022.jpg": [[471.0, 76.22222222222223, 481.0, 92.22222222222223]], "RL-023.jpg": [[43.0, 270.0, 53.0, 286.0]], "RL-024.jpg": [], "RL-025.jpg": [], "RL-026.jpg": [], "RL-027.jpg": [], "RL-028.jpg": [[250.0, 210.5, 260.0, 226.5]], "RL-029.jpg": [], "RL-030.jpg": [], "RL-031.jpg": [], "RL-032.jpg": [], "RL-033.jpg": [[309.0, 229.5, 319.0, 245.5]], "RL-034.jpg": [[320.0, 217.5, 330.0, 233.5]], "RL-035.jpg": [], "RL-036.jpg": [], "RL-037.jpg": [], "RL-038.jpg": [], "RL-039.jpg": [], "RL-040.jpg": [], "RL-041.jpg": [[34.0, 110.24193548387096, 44.0, 126.24193548387096]], "RL-042.jpg": [], "RL-043.jpg": [], "RL-044.jpg": [], "RL-045.jpg": [], "RL-046.jpg": [], "RL-047.jpg": [], "RL-048.jpg": [], "RL-049.jpg": [], "RL-050.jpg": [], "RL-051.jpg": [], "RL-052.jpg": [[291.0, 198.0, 301.0, 214.0]], "RL-053.jpg": [], "RL-054.jpg": [], "RL-055.jpg": [], "RL-056.jpg": [], "RL-057.jpg": [[315.0, 221.0, 323.0, 241.0]], "RL-058.jpg": [], "RL-059.jpg": [], "RL-060.jpg": [], "RL-061.jpg": [], "RL-062.jpg": [], "RL-063.jpg": [], "RL-064.jpg": [], "RL-065.jpg": [], "RL-066.jpg": [], "RL-067.jpg": [[457.0, 194.46666666666667, 467.0, 210.46666666666667]], "RL-068.jpg": [], "RL-069.jpg": [], "RL-070.jpg": [], "RL-071.jpg": [], "RL-072.jpg": [], "RL-073.jpg": [], "RL-074.jpg": [], "RL-075.jpg": [], "RL-076.jpg": [], "RL-077.jpg": [], "RL-078.jpg": [], "RL-079.jpg": [], "RL-080.jpg": [], "RL-081.jpg": [], "RL-082.jpg": [], "RL-083.jpg": [], "RL-084.jpg": [], "RL-085.jpg": [], "RL-086.jpg": [], "RL-087.jpg": [], "RL-088.jpg": [], "RL-089.jpg": [[167.0, 192.0, 177.0, 208.0]], "RL-090.jpg": [], "RL-091.jpg": [], "RL-092.jpg": [[302.0, 150.5, 310.0, 170.5], [370.0, 191.0, 378.0, 211.0]], "RL-093.jpg": [], "RL-094.jpg": [], "RL-095.jpg": [], "RL-096.jpg": [[106.0, 170.0, 116.0, 186.0]], "RL-097.jpg": [[69.0, 141.0, 79.0, 157.0]], "RL-098.jpg": [], "RL-099.jpg": [], "RL-100.jpg": [], "RL-101.jpg": [], "RL-102.jpg": [], "RL-103.jpg": [], "RL-104.jpg": [], "RL-105.jpg": [[498.0, 96.0, 508.0, 112.0]], "RL-106.jpg": [], "RL-107.jpg": [], "RL-108.jpg": [], "RL-109.jpg": [], "RL-110.jpg": [], "RL-111.jpg": [], "RL-112.jpg": [[577.0, 293.0, 587.0, 309.0]], "RL-113.jpg": [], "RL-114.jpg": [], "RL-115.jpg": [], "RL-116.jpg": [[275.0, 157.5, 285.0, 173.5], [357.0, 160.5, 367.0, 176.5]], "RL-117.jpg": [], "RL-118.jpg": [], "RL-119.jpg": [], "RL-120.jpg": [], "RL-121.jpg": [[440.0, 4.0, 450.0, 20.0]], "RL-122.jpg": [], "RL-123.jpg": [], "RL-124.jpg": [], "RL-125.jpg": [], "RL-126.jpg": [], "RL-127.jpg": [], "RL-128.jpg": [], "RL-129.jpg": [], "RL-130.jpg": [], "RL-131.jpg": [[579.0, 274.0, 589.0, 290.0]], "RL-132.jpg": [[319.0, 249.8, 329.0, 265.8], [365.0, 258.57142857142856, 375.0, 274.57142857142856]], "RL-133.jpg": [], "RL-134.jpg": [], "RL-135.jpg": [], "RL-136.jpg": [[399.0, 203.0, 407.0, 223.0]], "RL-137.jpg": [[398.0, 204.0, 406.0, 224.0]], "RL-138.jpg": [], "RL-139.jpg": [], "RL-140.jpg": [], "RL-141.jpg": [], "RL-142.jpg": [], "RL-143.jpg": [], "RL-144.jpg": [], "RL-145.jpg": [], "RL-146.jpg": [], "RL-147.jpg": [[600.0, 189.5, 610.0, 205.5]], "RL-148.jpg": [[310.0, 199.0, 320.0, 215.0]], "RL-149.jpg": [], "RL-150.jpg": [], "RL-151.jpg": [], "RL-152.jpg": [], "RL-153.jpg": [[472.0, 236.5, 482.0, 252.5]], "RL-154.jpg": [[498.0, 320.5, 508.0, 336.5]], "RL-155.jpg": [[526.0, 324.5, 536.0, 340.5]], "RL-156.jpg": [[525.0, 327.0, 535.0, 343.0]], "RL-157.jpg": [[525.0, 327.5, 535.0, 343.5]], "RL-158.jpg": [[210.0, 206.5, 218.0, 226.5]], "RL-159.jpg": [], "RL-160.jpg": [], "RL-161.jpg": [], "RL-162.jpg": [], "RL-163.jpg": [], "RL-164.jpg": [], "RL-165.jpg": [], "RL-166.jpg": [], "RL-167.jpg": [], "RL-168.jpg": [], "RL-169.jpg": [], "RL-170.jpg": [], "RL-171.jpg": [], "RL-172.jpg": [], "RL-173.jpg": [], "RL-174.jpg": [[168.0, 178.0, 178.0, 194.0]], "RL-175.jpg": [], "RL-176.jpg": [], "RL-177.jpg": [[412.0, 210.5, 422.0, 226.5]], "RL-178.jpg": [], "RL-179.jpg": [], "RL-180.jpg": [], "RL-181.jpg": [], "RL-182.jpg": [], "RL-183.jpg": [], "RL-184.jpg": [], "RL-185.jpg": [[141.0, 232.5, 159.0, 268.5], [160.0, 439.5, 178.0, 475.5], [252.0, 432.0, 270.0, 468.0], [271.0, 435.5, 289.0, 471.5], [290.0, 215.0, 308.0, 251.0], [309.0, 441.0, 327.0, 477.0], [452.0, 300.5, 470.0, 336.5], [535.0, 304.5, 553.0, 340.5]], "RL-186.jpg": [[53.0, 182.0, 71.0, 218.0], [242.0, 144.5, 260.0, 180.5]], "RL-187.jpg": [[308.0, 279.0, 326.0, 315.0]], "RL-188.jpg": [], "RL-189.jpg": [], "RL-190.jpg": [], "RL-191.jpg": [[452.0, 150.73333333333332, 462.0, 166.73333333333332]], "RL-192.jpg": [], "RL-193.jpg": [], "RL-194.jpg": [[174.0, 155.5, 184.0, 171.5]], "RL-195.jpg": [], "RL-196.jpg": [[323.0, 188.5, 333.0, 204.5]], "RL-197.jpg": [], "RL-198.jpg": [], "RL-199.jpg": [], "RL-200.jpg": [], "RL-201.jpg": [], "RL-202.jpg": [], "RL-203.jpg": [], "RL-204.jpg": [], "RL-205.jpg": [[334.0, 192.0, 344.0, 208.0]], "RL-206.jpg": [], "RL-207.jpg": [[2.0, 171.5, 12.0, 187.5], [315.0, 182.5, 325.0, 198.5]], "RL-208.jpg": [], "RL-209.jpg": [[532.0, 99.0, 542.0, 115.0]], "RL-210.jpg": [], "RL-211.jpg": [[540.0, 9.5, 550.0, 25.5]], "RL-212.jpg": [[235.0, 202.0, 245.0, 218.0]], "RL-213.jpg": [[209.0, 177.0, 217.0, 197.0]], "RL-214.jpg": [[121.0, 217.5, 131.0, 233.5]], "RL-215.jpg": [[117.0, 346.0, 127.0, 362.0]], "RL-216.jpg": [], "RL-217.jpg": [], "RL-218.jpg": [], "RL-219.jpg": [[134.0, 309.0, 144.0, 325.0]], "RL-220.jpg": [[567.0, 269.0, 577.0, 285.0]], "RL-221.jpg": [], "RL-222.jpg": [], "RL-223.jpg": [], "RL-224.jpg": [], "RL-225.jpg": [], "RL-226.jpg": [], "RL-227.jpg": [], "RL-228.jpg": [], "RL-229.jpg": [], "RL-230.jpg": [], "RL-231.jpg": [], "RL-232.jpg": [[198.0, 219.5, 208.0, 235.5]], "RL-233.jpg": [], "RL-234.jpg": [[544.0, 152.5, 554.0, 168.5], [572.0, 41.241379310344826, 582.0, 57.241379310344826]], "RL-235.jpg": [], "RL-236.jpg": [], "RL-237.jpg": [], "RL-238.jpg": [[401.0, 233.5, 411.0, 249.5]], "RL-239.jpg": [], "RL-240.jpg": [], "RL-241.jpg": [[187.0, 160.5, 205.0, 196.5]], "RL-242.jpg": [[516.0, 267.5, 534.0, 303.5]], "RL-243.jpg": [[386.0, 233.5, 404.0, 269.5]], "RL-244.jpg": [[444.0, 353.0, 462.0, 389.0], [572.0, 356.5, 590.0, 392.5]], "RL-245.jpg": [[274.0, 372.5, 292.0, 408.5], [309.0, 254.0, 327.0, 290.0], [339.0, 232.0, 357.0, 268.0]], "RL-246.jpg": [], "RL-247.jpg": [], "RL-248.jpg": [[140.0, 147.5, 158.0, 183.5], [495.0, 134.5, 513.0, 170.5]], "RL-249.jpg": [[368.0, 141.0, 386.0, 177.0]], "RL-250.jpg": [], "RL-251.jpg": [], "RL-252.jpg": [], "RL-253.jpg": [], "RL-254.jpg": [[254.0, 21.0, 264.0, 37.0]], "RL-255.jpg": [], "RL-256.jpg": [], "RL-257.jpg": [], "RL-258.jpg": [], "RL-259.jpg": [[313.0, 221.5, 323.0, 237.5]], "RL-260.jpg": [[308.0, 225.5, 318.0, 241.5]], "RL-261.jpg": [[170.0, 123.5, 180.0, 139.5]], "RL-262.jpg": [], "RL-263.jpg": [], "RL-264.jpg": [], "RL-265.jpg": [], "RL-266.jpg": [], "RL-267.jpg": [], "RL-268.jpg": [], "RL-269.jpg": [], "RL-270.jpg": [], "RL-271.jpg": [], "RL-272.jpg": [], "RL-273.jpg": [], "RL-274.jpg": [[204.0, 221.0, 214.0, 237.0], [314.0, 231.0, 324.0, 247.0]], "RL-275.jpg": [[210.0, 226.0, 220.0, 242.0], [319.0, 237.5, 329.0, 253.5]], "RL-276.jpg": [], "RL-277.jpg": [], "RL-278.jpg": [[309.0, 223.0, 319.0, 239.0]], "RL-279.jpg": [[310.0, 231.0, 320.0, 247.0]], "RL-280.jpg": [], "RL-281.jpg": [[461.0, 76.5, 471.0, 92.5]], "RL-282.jpg": [], "RL-283.jpg": [[170.0, 181.0, 180.0, 197.0]],